{"cameraMode":{"drawMode":0,"name":"Shaded","section":"Shading Mode"},"sceneLighting":true,"audioPlay":false,"sceneViewState":{"m_AlwaysRefresh":false,"showFog":true,"showSkybox":true,"showFlares":true,"showImageEffects":true,"showParticleSystems":true,"showVisualEffectGraphs":true,"m_FxEnabled":true},"in2DMode":false,"pivot":{"x":0.25899413228034975,"y":1.773063063621521,"z":2.656564712524414},"rotation":{"x":-0.16372045874595643,"y":-0.7465035319328308,"z":0.19803307950496674,"w":-0.6140772104263306},"size":0.8293589353561401,"orthographic":false}